{
  "arousal_head_loss": [
    0.5608632564544678,
    0.3043065667152405,
    0.2292819619178772,
    0.1986180543899536,
    0.19211742281913757,
    0.18265974521636963,
    0.17189712822437286,
    0.17168690264225006,
    0.17247778177261353,
    0.17347171902656555
  ],
  "arousal_head_mae": [
    0.6043748259544373,
    0.4410962462425232,
    0.38454970717430115,
    0.3640637993812561,
    0.35658618807792664,
    0.35271963477134705,
    0.3432092070579529,
    0.3439304828643799,
    0.3449297845363617,
    0.3477335274219513
  ],
  "arousal_head_rmse": [
    0.7489328980445862,
    0.5516615509986877,
    0.4788326621055603,
    0.44565629959106445,
    0.43833842873573303,
    0.42739081382751465,
    0.414585143327713,
    0.4143580198287964,
    0.4153093993663788,
    0.41650447249412537
  ],
  "expression_head_accuracy": [
    0.13379180431365967,
    0.13160362839698792,
    0.12753985822200775,
    0.135042205452919,
    0.1306658387184143,
    0.14223194122314453,
    0.1409815549850464,
    0.14254453778266907,
    0.15129728615283966,
    0.14473272860050201
  ],
  "expression_head_loss": [
    2.5268940925598145,
    2.3297531604766846,
    2.242562770843506,
    2.2215635776519775,
    2.1958398818969727,
    2.154214382171631,
    2.14400577545166,
    2.138775110244751,
    2.116335868835449,
    2.1254444122314453
  ],
  "expression_head_top3": [
    0.36855268478393555,
    0.3863707482814789,
    0.3866833448410034,
    0.3769928216934204,
    0.3823069632053375,
    0.40887776017189026,
    0.3998124301433563,
    0.3988746404647827,
    0.40887776017189026,
    0.40106284618377686
  ],
  "loss": [
    3.1043190956115723,
    2.6729395389556885,
    2.517303705215454,
    2.464406728744507,
    2.432555913925171,
    2.378912925720215,
    2.3597514629364014,
    2.3526840209960938,
    2.3282663822174072,
    2.3364994525909424
  ],
  "val_arousal_head_loss": [
    0.5039361715316772,
    0.2728942632675171,
    0.27949434518814087,
    0.2621764838695526,
    0.22170771658420563,
    0.22058886289596558,
    0.2048231065273285,
    0.1948169767856598,
    0.19610586762428284,
    0.1947362720966339
  ],
  "val_arousal_head_mae": [
    0.5866007208824158,
    0.4041328728199005,
    0.4233483076095581,
    0.3944714665412903,
    0.37612590193748474,
    0.3702843189239502,
    0.3560413420200348,
    0.3552469313144684,
    0.3566336929798126,
    0.3495906591415405
  ],
  "val_arousal_head_rmse": [
    0.7091195583343506,
    0.517208456993103,
    0.527927041053772,
    0.5058030486106873,
    0.46694666147232056,
    0.4633573293685913,
    0.44610992074012756,
    0.43704840540885925,
    0.4384060204029083,
    0.43575358390808105
  ],
  "val_expression_head_accuracy": [
    0.1525000035762787,
    0.16500000655651093,
    0.14749999344348907,
    0.1599999964237213,
    0.1525000035762787,
    0.17000000178813934,
    0.1850000023841858,
    0.20749999582767487,
    0.1525000035762787,
    0.17000000178813934
  ],
  "val_expression_head_loss": [
    2.47375226020813,
    2.6363377571105957,
    2.449814796447754,
    2.602935314178467,
    2.459141969680786,
    2.210015058517456,
    2.215813636779785,
    2.1603987216949463,
    2.167430877685547,
    2.1854395866394043
  ],
  "val_expression_head_top3": [
    0.38749998807907104,
    0.38499999046325684,
    0.39500001072883606,
    0.375,
    0.3824999928474426,
    0.4399999976158142,
    0.46000000834465027,
    0.4399999976158142,
    0.4424999952316284,
    0.45500001311302185
  ],
  "val_loss": [
    3.216905117034912,
    3.004863977432251,
    2.8259189128875732,
    2.9601147174835205,
    2.768721342086792,
    2.5182411670684814,
    2.5604162216186523,
    2.423582077026367,
    2.535738945007324,
    2.4449024200439453
  ],
  "val_valence_head_loss": [
    0.9973112344741821,
    0.503253698348999,
    0.46771666407585144,
    0.4938855469226837,
    0.4177630543708801,
    0.41457146406173706,
    0.5224155187606812,
    0.35279256105422974,
    0.5599369406700134,
    0.340373158454895
  ],
  "val_valence_head_mae": [
    0.8571643233299255,
    0.5753304958343506,
    0.5464500784873962,
    0.5601871013641357,
    0.5082391500473022,
    0.5146181583404541,
    0.5793322324752808,
    0.4676187038421631,
    0.5998944640159607,
    0.46026909351348877
  ],
  "val_valence_head_rmse": [
    0.9983109831809998,
    0.7092081904411316,
    0.6817073822021484,
    0.7005354166030884,
    0.6444291472434998,
    0.6413530707359314,
    0.7193259000778198,
    0.592167317867279,
    0.7452447414398193,
    0.582001268863678
  ],
  "valence_head_loss": [
    0.5938245058059692,
    0.3820139169692993,
    0.3202938139438629,
    0.28722813725471497,
    0.28129681944847107,
    0.26679569482803345,
    0.25960785150527954,
    0.2561017870903015,
    0.25142067670822144,
    0.24863342940807343
  ],
  "valence_head_mae": [
    0.628902792930603,
    0.496076762676239,
    0.4555431008338928,
    0.43079906702041626,
    0.42341017723083496,
    0.417671263217926,
    0.41109171509742737,
    0.41048431396484375,
    0.4027598202228546,
    0.4028659462928772
  ],
  "valence_head_rmse": [
    0.7706161141395569,
    0.61806321144104,
    0.5659207105636597,
    0.5359362363815308,
    0.530387818813324,
    0.5165234804153442,
    0.5095267295837402,
    0.5060552358627319,
    0.5014214515686035,
    0.4986623525619507
  ],
  "learning_rate": [
    0.00019999999494757503,
    0.00019999999494757503,
    0.00019999999494757503,
    0.00019999999494757503,
    0.00019999999494757503,
    9.999999747378752e-05,
    9.999999747378752e-05,
    9.999999747378752e-05,
    9.999999747378752e-05,
    9.999999747378752e-05
  ]
}